_unit_id,_golden,_unit_state,_trusted_judgments,_last_judgment_at,what_types_of_objects_are_in_the_image,what_types_of_objects_are_in_the_image:confidence,orig__golden,orig__last_judgment_at,orig__trusted_judgments,orig__unit_id,orig__unit_state,are_there_people_in_the_image,are_there_people_in_the_image_gold,are_there_people_in_the_image_gold_reason,are_there_people_in_the_imageconfidence,are_there_people_in_the_imageconfidence_summary,batch_num,can_you_clearly_see_the_persons__peoples_faces,can_you_clearly_see_the_persons__peoples_faces_gold,can_you_clearly_see_the_persons__peoples_faces_gold_reason,can_you_clearly_see_the_persons__peoples_facesconfidence,can_you_clearly_see_the_persons__peoples_facesconfidence_summary,cant_access,cant_access_gold,cant_accessconfidence,image_url,nil,orig__golden,orig__last_judgment_at,orig__trusted_judgments,orig__unit_id,orig__unit_state,system_identifier,what_does_the_image_focus_on,what_does_the_image_focus_on_gold,what_does_the_image_focus_onconfidence,what_types_of_objects_are_in_the_image_gold,Keywords
1192050175,FALSE,finalized,3,3/28/17 19:34,art_supplies,0.678,FALSE,3/22/17 16:22,3,1178725152,finalized,without people,,,0.6585,"""without people"": 0.659""people"": 0.341",TA20170309,,,,0,,,,,http://trunk.orangesafebox.com/Docs/TRU/Media/TR3/9/2/2/3/TRU1400448.jpg,,FALSE,3/10/17 23:03,3,1177858234,finalized,TRU1400448,still_life,,0.6452,,art_supplies|still_life
1192050346,FALSE,finalized,3,3/28/17 19:34,art_supplies,0.6847,FALSE,3/22/17 16:39,3,1178725530,finalized,without people,,,1,"""without people"": 1.0",TA20170309,,,,,,,,,http://trunk.orangesafebox.com/Docs/TRU/Media/TR3/5/a/6/0/TRU1441906.jpg,,FALSE,3/10/17 22:56,3,1177859438,finalized,TRU1441906,still_life,,0.7143,,art_supplies|still_life
1192050419,FALSE,finalized,3,3/28/17 19:35,art_supplies,0.6436,FALSE,3/22/17 16:35,3,1178725653,finalized,without people,,,1,"""without people"": 1.0",TA20170309,,,,,,,,,http://trunk.orangesafebox.com/Docs/TRU/Media/TR3/0/c/6/7/TRU1444682.jpg,,FALSE,3/10/17 23:13,3,1177859777,finalized,TRU1444682,still_life,,0.3377,,art_supplies|still_life
1192050507,FALSE,finalized,3,3/28/17 19:40,art_supplies,0.6667,FALSE,3/22/17 16:34,3,1178725763,finalized,without people,,,1,"""without people"": 1.0",TA20170309,,,,,,,,,http://trunk.orangesafebox.com/Docs/TRU/Media/TR3/2/1/4/3/TRU1454823.jpg,,FALSE,3/10/17 22:55,3,1177860087,finalized,TRU1454823,still_life,,0.6383,,art_supplies|still_life
1192050518,FALSE,finalized,3,3/28/17 19:36,art_supplies,1,FALSE,3/22/17 16:35,3,1178725788,finalized,without people,,,1,"""without people"": 1.0",TA20170309,,,,,,,,,http://trunk.orangesafebox.com/Docs/TRU/Media/TR3/d/3/4/5/TRU1457011.jpg,,FALSE,3/10/17 22:46,3,1177860334,finalized,TRU1457011,still_life,,0.6667,,art_supplies|still_life
1192050625,FALSE,finalized,3,3/28/17 19:36,art_supplies,0.6579,FALSE,3/22/17 16:36,3,1178726042,finalized,without people,,,1,"""without people"": 1.0",TA20170309,,,,,,,,,http://trunk.orangesafebox.com/Docs/TRU/Media/TR3/7/f/f/a/TRU1477628.jpg,,FALSE,3/10/17 23:00,3,1177861721,finalized,TRU1477628,still_life,,0.6889,,art_supplies|still_life
1192050627,FALSE,finalized,3,3/28/17 19:36,art_supplies,0.6667,FALSE,3/22/17 16:26,3,1178726054,finalized,without people,,,1,"""without people"": 1.0",TA20170309,,,,,,,,,http://trunk.orangesafebox.com/Docs/TRU/Media/TR3/b/4/5/9/TRU1477643.jpg,,FALSE,3/10/17 23:00,3,1177861736,finalized,TRU1477643,still_life,,1,,art_supplies|still_life
1192050867,FALSE,finalized,3,3/28/17 19:35,art_supplies,0.6667,FALSE,3/22/17 16:32,3,1178726526,finalized,without people,,,1,"""without people"": 1.0",TA20170309,,,,,,,,,http://trunk.orangesafebox.com/Docs/TRU/Media/TR3/1/c/e/2/TRU1497553.jpg,,FALSE,3/10/17 23:01,3,1177863940,finalized,TRU1497553,still_life,,1,,art_supplies|still_life
1192050868,FALSE,finalized,3,3/28/17 19:32,art_supplies,0.663,FALSE,3/22/17 16:30,3,1178726529,finalized,without people,,,1,"""without people"": 1.0",TA20170309,,,,,,,,,http://trunk.orangesafebox.com/Docs/TRU/Media/TR3/f/3/0/5/TRU1497558.jpg,,FALSE,3/10/17 22:49,3,1177863944,finalized,TRU1497558,still_life,,1,,art_supplies|still_life
1192050921,FALSE,finalized,3,3/28/17 19:37,art_supplies,0.6572,FALSE,3/22/17 16:32,3,1178726609,finalized,without people,,,1,"""without people"": 1.0",TA20170309,,,,,,,,,http://trunk.orangesafebox.com/Docs/TRU/Media/TR3/d/c/c/6/TRU1983078.jpg,,FALSE,3/10/17 22:48,3,1177864874,finalized,TRU1983078,still_life,,0.6512,,art_supplies|still_life
1192050922,FALSE,finalized,3,3/28/17 19:37,art_supplies,0.6843,FALSE,3/22/17 16:33,3,1178726613,finalized,without people,,,1,"""without people"": 1.0",TA20170309,,,,,,,,,http://trunk.orangesafebox.com/Docs/TRU/Media/TR3/5/5/b/8/TRU1983090.jpg,,FALSE,3/10/17 22:54,3,1177864886,finalized,TRU1983090,still_life,,0.3484,,art_supplies|still_life
1192050965,FALSE,finalized,3,3/28/17 19:37,art_supplies,0.6957,FALSE,3/22/17 16:29,3,1178726889,finalized,without people,,,1,"""without people"": 1.0",TA20170309,,,,,,,,,http://trunk.orangesafebox.com/Docs/TRU/Media/TR3/4/0/e/e/TRU1984130.jpg,,FALSE,3/10/17 22:51,3,1177865686,finalized,TRU1984130,still_life,,0.6769,,art_supplies|still_life
1192050975,FALSE,finalized,3,3/28/17 19:35,art_supplies,0.6667,FALSE,3/22/17 16:37,3,1178726954,finalized,without people,,,1,"""without people"": 1.0",TA20170309,,,,,,,,,http://trunk.orangesafebox.com/Docs/TRU/Media/TR3/2/6/d/0/TRU1985551.jpg,,FALSE,3/10/17 23:00,3,1177866030,finalized,TRU1985551,still_life,,0.6971,,art_supplies|still_life
1192050976,FALSE,finalized,3,3/28/17 19:36,art_supplies,1,FALSE,3/22/17 16:34,3,1178726955,finalized,without people,,,1,"""without people"": 1.0",TA20170309,,,,,,,,,http://trunk.orangesafebox.com/Docs/TRU/Media/TR3/d/8/b/8/TRU1985552.jpg,,FALSE,3/10/17 22:49,3,1177866031,finalized,TRU1985552,still_life,,0.6648,,art_supplies|still_life
1192051056,FALSE,finalized,3,3/28/17 19:34,art_supplies,0.6462,FALSE,3/22/17 16:32,3,1178727080,finalized,without people,,,1,"""without people"": 1.0",TA20170309,,,,,,,,,http://trunk.orangesafebox.com/Docs/TRU/Media/TR3/0/b/d/8/TRU1988636.jpg,,FALSE,3/10/17 23:04,3,1177866432,finalized,TRU1988636,still_life,,0.6528,,art_supplies|still_life
1192051069,FALSE,finalized,3,3/28/17 19:37,art_supplies,0.6587,FALSE,3/22/17 16:34,3,1178727111,finalized,without people,,,1,"""without people"": 1.0",TA20170309,,,,,,,,,http://trunk.orangesafebox.com/Docs/TRU/Media/TR3/b/e/f/5/TRU1989142.jpg,,FALSE,3/10/17 22:48,3,1177866496,finalized,TRU1989142,still_life,,1,,art_supplies|still_life
1192051077,FALSE,finalized,3,3/28/17 19:38,art_supplies,0.3517,FALSE,3/22/17 16:27,3,1178727132,finalized,without people,,,1,"""without people"": 1.0",TA20170309,,,,,,,,,http://trunk.orangesafebox.com/Docs/TRU/Media/TR3/9/2/f/9/TRU1989425.jpg,,FALSE,3/10/17 22:55,3,1177866613,finalized,TRU1989425,still_life,,0.6756,,art_supplies|still_life
1192051199,FALSE,finalized,3,3/28/17 19:35,art_supplies,0.6667,FALSE,3/23/17 19:19,3,1186180440,finalized,without people,,,1,"""without people"": 1.0",TA20170309,,,,,,,,,http://trunk.orangesafebox.com/Docs/TRU/Media/TR3/1/7/a/6/TRU1400618.jpg,,FALSE,3/10/17 22:57,3,1177858348,finalized,TRU1400618,still_life,,0.65,,art_supplies|still_life
1192051247,FALSE,finalized,3,3/28/17 19:38,art_supplies,0.6857,FALSE,3/23/17 19:25,3,1186180559,finalized,without people,,,0.6591,"""without people"": 0.659""people"": 0.341",TA20170309,,,,0,,,,,http://trunk.orangesafebox.com/Docs/TRU/Media/TR3/d/5/5/8/TRU1416970.jpg,,FALSE,3/10/17 23:04,3,1177858764,finalized,TRU1416970,still_life,,1,,art_supplies|still_life
1192051472,FALSE,finalized,3,3/28/17 19:31,art_supplies,0.6733,FALSE,3/23/17 19:19,3,1186180912,finalized,without people,,,1,"""without people"": 1.0",TA20170309,,,,,,,,,http://trunk.orangesafebox.com/Docs/TRU/Media/TR3/3/1/1/3/TRU1444679.jpg,,FALSE,3/10/17 22:51,3,1177859774,finalized,TRU1444679,still_life,,0.6638,,art_supplies|still_life
1192051478,FALSE,finalized,3,3/28/17 19:33,art_supplies,1,FALSE,3/23/17 19:26,3,1186180918,finalized,without people,,,1,"""without people"": 1.0",TA20170309,,,,,,,,,http://trunk.orangesafebox.com/Docs/TRU/Media/TR3/d/1/c/9/TRU1444685.jpg,,FALSE,3/10/17 22:51,3,1177859780,finalized,TRU1444685,still_life,,1,,art_supplies|still_life
1192051724,FALSE,finalized,3,3/28/17 19:36,art_supplies,0.6767,FALSE,3/23/17 19:27,3,1186181316,finalized,without people,,,1,"""without people"": 1.0",TA20170309,,,,,,,,,http://trunk.orangesafebox.com/Docs/TRU/Media/TR3/b/4/5/9/TRU1477643.jpg,,FALSE,3/10/17 23:00,3,1177861736,finalized,TRU1477643,still_life,,1,,art_supplies|still_life
1192051763,FALSE,finalized,3,3/28/17 19:33,art_supplies,0.6763,FALSE,3/23/17 19:25,3,1186181453,finalized,without people,,,1,"""without people"": 1.0",TA20170309,,,,,,,,,http://trunk.orangesafebox.com/Docs/TRU/Media/TR3/8/7/7/1/TRU1489480.jpg,,FALSE,3/10/17 23:02,3,1177862672,finalized,TRU1489480,still_life,,0.3453,,art_supplies|still_life
1192051916,FALSE,finalized,3,3/28/17 19:35,art_supplies,0.6667,FALSE,3/23/17 19:29,3,1186181782,finalized,without people,,,1,"""without people"": 1.0",TA20170309,,,,,,,,,http://trunk.orangesafebox.com/Docs/TRU/Media/TR3/1/8/9/3/TRU1497502.jpg,,FALSE,3/10/17 23:01,3,1177863935,finalized,TRU1497502,still_life,,0.6496,,art_supplies|still_life
1192051917,FALSE,finalized,3,3/28/17 19:36,art_supplies,0.6525,FALSE,3/23/17 19:46,3,1186181783,finalized,without people,,,0.6647,"""people"": 0.335""without people"": 0.665",TA20170309,,,,0,,,,,http://trunk.orangesafebox.com/Docs/TRU/Media/TR3/a/b/9/8/TRU1497548.jpg,,FALSE,3/10/17 22:55,3,1177863937,finalized,TRU1497548,still_life,,0.702,,art_supplies|still_life
1192051920,FALSE,finalized,3,3/28/17 19:36,art_supplies,0.6667,FALSE,3/23/17 19:24,3,1186181786,finalized,without people,,,1,"""without people"": 1.0",TA20170309,,,,,,,,,http://trunk.orangesafebox.com/Docs/TRU/Media/TR3/1/c/e/2/TRU1497553.jpg,,FALSE,3/10/17 23:01,3,1177863940,finalized,TRU1497553,still_life,,0.6548,,art_supplies|still_life
1192051987,FALSE,finalized,3,3/28/17 19:35,art_supplies,0.6693,FALSE,3/23/17 19:22,3,1186181903,finalized,without people,,,1,"""without people"": 1.0",TA20170309,,,,,,,,,http://trunk.orangesafebox.com/Docs/TRU/Media/TR3/5/b/3/0/TRU1983164.jpg,,FALSE,3/10/17 22:59,3,1177864960,finalized,TRU1983164,still_life,,0.6814,,art_supplies|still_life
1192052033,FALSE,finalized,3,3/28/17 19:34,art_supplies,1,FALSE,3/23/17 19:21,3,1186182189,finalized,without people,,,1,"""without people"": 1.0",TA20170309,,,,,,,,,http://trunk.orangesafebox.com/Docs/TRU/Media/TR3/a/2/4/f/TRU1985478.jpg,,FALSE,3/10/17 23:02,3,1177865957,finalized,TRU1985478,still_life,,0.6533,,art_supplies|still_life
1192052042,FALSE,finalized,3,3/28/17 19:37,art_supplies,0.6667,FALSE,3/23/17 19:47,3,1186182219,finalized,without people,,,1,"""without people"": 1.0",TA20170309,,,,,,,,,http://trunk.orangesafebox.com/Docs/TRU/Media/TR3/2/6/d/0/TRU1985551.jpg,,FALSE,3/10/17 23:00,3,1177866030,finalized,TRU1985551,still_life,,0.6801,,art_supplies|still_life
1192052141,FALSE,finalized,3,3/28/17 19:40,art_supplies,0.6774,FALSE,3/23/17 19:51,3,1186182376,finalized,without people,,,1,"""without people"": 1.0",TA20170309,,,,,,,,,http://trunk.orangesafebox.com/Docs/TRU/Media/TR3/b/e/f/5/TRU1989142.jpg,,FALSE,3/10/17 22:48,3,1177866496,finalized,TRU1989142,still_life,,0.6667,,art_supplies|still_life
1192052209,FALSE,finalized,3,3/28/17 19:37,art_supplies,0.6667,FALSE,3/23/17 19:21,3,1186182470,finalized,without people,,,1,"""without people"": 1.0",TA20170309,,,,,,,,,http://trunk.orangesafebox.com/Docs/TRU/Media/TR3/b/c/7/3/TRU1992409.jpg,,FALSE,3/10/17 22:48,3,1177867088,finalized,TRU1992409,still_life,,0.3523,,art_supplies|still_life
1192050187,FALSE,finalized,3,3/28/17 19:39,Beauty_Products,1,FALSE,3/22/17 16:31,3,1178725244,finalized,without people,,,1,"""without people"": 1.0",TA20170309,,,,,,,,,http://trunk.orangesafebox.com/Docs/TRU/Media/TR3/4/3/b/4/TRU1413858.jpg,,FALSE,3/10/17 22:58,3,1177858691,finalized,TRU1413858,still_life,,0.6829,,Beauty_Products|still_life
1192050215,FALSE,finalized,3,3/28/17 19:32,Beauty_Products,1,FALSE,3/22/17 16:25,3,1178725299,finalized,without people,,,1,"""without people"": 1.0",TA20170309,,,,,,,,,http://trunk.orangesafebox.com/Docs/TRU/Media/TR3/c/b/2/3/TRU1416973.jpg,,FALSE,3/10/17 23:04,3,1177858766,finalized,TRU1416973,still_life,,0.6742,,Beauty_Products|still_life
1192050281,FALSE,finalized,3,3/28/17 19:32,Beauty_Products,0.6596,FALSE,3/22/17 16:59,3,1178725421,finalized,without people,,,0.6607,"""without people"": 0.661""people"": 0.339",TA20170309,,,,0,,,,,http://trunk.orangesafebox.com/Docs/TRU/Media/TR3/1/1/0/2/TRU1426354.jpg,,FALSE,3/10/17 22:45,3,1177859091,finalized,TRU1426354,still_life,,0.6849,,Beauty_Products|still_life
1192050286,FALSE,finalized,3,3/28/17 19:37,Beauty_Products,1,FALSE,3/22/17 16:33,3,1178725426,finalized,without people,,,1,"""without people"": 1.0",TA20170309,,,,,,,,,http://trunk.orangesafebox.com/Docs/TRU/Media/TR3/8/9/4/6/TRU1426361.jpg,,FALSE,3/10/17 23:01,3,1177859096,finalized,TRU1426361,still_life,,1,,Beauty_Products|still_life
1192050401,FALSE,finalized,3,3/28/17 19:38,Beauty_Products,0.6682,FALSE,3/22/17 16:38,3,1178725622,finalized,without people,,,1,"""without people"": 1.0",TA20170309,,,,,,,,,http://trunk.orangesafebox.com/Docs/TRU/Media/TR3/6/2/4/0/TRU1444620.jpg,,FALSE,3/10/17 22:49,3,1177859745,finalized,TRU1444620,still_life,,1,,Beauty_Products|still_life
1192050402,FALSE,finalized,3,3/28/17 19:35,Beauty_Products,0.6767,FALSE,3/22/17 16:30,3,1178725623,finalized,without people,,,1,"""without people"": 1.0",TA20170309,,,,,,,,,http://trunk.orangesafebox.com/Docs/TRU/Media/TR3/3/b/1/8/TRU1444621.jpg,,FALSE,3/10/17 22:53,3,1177859746,finalized,TRU1444621,still_life,,0.6509,,Beauty_Products|still_life
1192050403,FALSE,finalized,3,3/28/17 19:38,Beauty_Products,0.6923,FALSE,3/22/17 16:32,3,1178725624,finalized,without people,,,1,"""without people"": 1.0",TA20170309,,,,,,,,,http://trunk.orangesafebox.com/Docs/TRU/Media/TR3/c/5/0/1/TRU1444622.jpg,,FALSE,3/10/17 23:04,3,1177859747,finalized,TRU1444622,still_life,,1,,Beauty_Products|still_life
1192050404,FALSE,finalized,3,3/28/17 19:40,Beauty_Products,0.6667,FALSE,3/22/17 16:32,3,1178725625,finalized,without people,,,1,"""without people"": 1.0",TA20170309,,,,,,,,,http://trunk.orangesafebox.com/Docs/TRU/Media/TR3/c/b/f/4/TRU1444623.jpg,,FALSE,3/10/17 23:03,3,1177859748,finalized,TRU1444623,still_life,,0.6824,,Beauty_Products|still_life
1192050405,FALSE,finalized,3,3/28/17 19:36,Beauty_Products,0.6667,FALSE,3/22/17 16:26,3,1178725626,finalized,without people,,,1,"""without people"": 1.0",TA20170309,,,,,,,,,http://trunk.orangesafebox.com/Docs/TRU/Media/TR3/a/1/b/0/TRU1444624.jpg,,FALSE,3/10/17 22:56,3,1177859749,finalized,TRU1444624,still_life,,0.6891,,Beauty_Products|still_life
1192050415,FALSE,finalized,3,3/28/17 19:31,Beauty_Products,0.6635,FALSE,3/22/17 16:31,3,1178725644,finalized,without people,,,1,"""without people"": 1.0",TA20170309,,,,,,,,,http://trunk.orangesafebox.com/Docs/TRU/Media/TR3/c/a/0/7/TRU1444669.jpg,,FALSE,3/10/17 23:31,3,1177859767,finalized,TRU1444669,still_life,,1,,Beauty_Products|still_life
1192050422,FALSE,finalized,3,3/28/17 19:41,Beauty_Products,1,FALSE,3/22/17 16:35,3,1178725659,finalized,without people,,,1,"""without people"": 1.0",TA20170309,,,,,,,,,http://trunk.orangesafebox.com/Docs/TRU/Media/TR3/9/1/d/f/TRU1445771.jpg,,FALSE,3/10/17 23:02,3,1177859819,finalized,TRU1445771,still_life,,1,,Beauty_Products|still_life
1192050502,FALSE,finalized,3,3/28/17 19:32,Beauty_Products,0.6596,FALSE,3/22/17 16:34,3,1178725758,finalized,without people,,,1,"""without people"": 1.0",TA20170309,,,,,,,,,http://trunk.orangesafebox.com/Docs/TRU/Media/TR3/1/3/e/6/TRU1454807.jpg,,FALSE,3/10/17 22:44,3,1177860074,finalized,TRU1454807,still_life,,1,,Beauty_Products|still_life
1192050504,FALSE,finalized,3,3/28/17 19:41,Beauty_Products,0.66,FALSE,3/22/17 16:34,3,1178725760,finalized,without people,,,1,"""without people"": 1.0",TA20170309,,,,,,,,,http://trunk.orangesafebox.com/Docs/TRU/Media/TR3/e/8/e/c/TRU1454815.jpg,,FALSE,3/10/17 22:52,3,1177860080,finalized,TRU1454815,still_life,,1,,Beauty_Products|still_life
1192050505,FALSE,finalized,3,3/28/17 19:33,Beauty_Products,1,FALSE,3/22/17 16:29,3,1178725761,finalized,without people,,,1,"""without people"": 1.0",TA20170309,,,,,,,,,http://trunk.orangesafebox.com/Docs/TRU/Media/TR3/8/b/b/9/TRU1454819.jpg,,FALSE,3/10/17 22:57,3,1177860083,finalized,TRU1454819,still_life,,0.6809,,Beauty_Products|still_life
1192050549,FALSE,finalized,3,3/28/17 19:37,Beauty_Products,0.352,FALSE,3/22/17 16:31,3,1178725889,finalized,without people,,,1,"""without people"": 1.0",TA20170309,,,,,,,,,http://trunk.orangesafebox.com/Docs/TRU/Media/TR3/9/d/8/d/TRU1463343.jpg,,FALSE,3/10/17 22:49,3,1177860841,finalized,TRU1463343,still_life,,0.65,,Beauty_Products|still_life
1192050561,FALSE,finalized,3,3/28/17 19:37,Beauty_Products,1,FALSE,3/22/17 16:35,3,1178725906,finalized,without people,,,1,"""without people"": 1.0",TA20170309,,,,,,,,,http://trunk.orangesafebox.com/Docs/TRU/Media/TR3/5/f/c/c/TRU1467185.jpg,,FALSE,3/10/17 23:02,3,1177861133,finalized,TRU1467185,still_life,,1,,Beauty_Products|still_life
1192050564,FALSE,finalized,3,3/28/17 19:35,Beauty_Products,1,FALSE,3/22/17 16:32,3,1178725916,finalized,without people,,,1,"""without people"": 1.0",TA20170309,,,,,,,,,http://trunk.orangesafebox.com/Docs/TRU/Media/TR3/c/b/2/4/TRU1467195.jpg,,FALSE,3/10/17 22:58,3,1177861143,finalized,TRU1467195,still_life,,0.6667,,Beauty_Products|still_life
1192050566,FALSE,finalized,3,3/28/17 19:37,Beauty_Products,0.6653,FALSE,3/22/17 16:24,3,1178725918,finalized,without people,,,1,"""without people"": 1.0",TA20170309,,,,,,,,,http://trunk.orangesafebox.com/Docs/TRU/Media/TR3/8/d/5/5/TRU1467197.jpg,,FALSE,3/10/17 22:57,3,1177861145,finalized,TRU1467197,still_life,,1,,Beauty_Products|still_life
1192050576,FALSE,finalized,3,3/28/17 19:31,Beauty_Products,1,FALSE,3/22/17 16:28,3,1178725932,finalized,without people,,,1,"""without people"": 1.0",TA20170309,,,,,,,,,http://trunk.orangesafebox.com/Docs/TRU/Media/TR3/c/9/7/6/TRU1467212.jpg,,FALSE,3/10/17 22:55,3,1177861160,finalized,TRU1467212,still_life,,1,,Beauty_Products|still_life
1192050586,FALSE,finalized,3,3/28/17 19:33,Beauty_Products,0.6648,FALSE,3/22/17 16:32,3,1178725943,finalized,without people,,,1,"""without people"": 1.0",TA20170309,,,,,,,,,http://trunk.orangesafebox.com/Docs/TRU/Media/TR3/9/a/2/2/TRU1467230.jpg,,FALSE,3/10/17 23:02,3,1177861171,finalized,TRU1467230,still_life,,1,,Beauty_Products|still_life
1192050644,FALSE,finalized,3,3/28/17 19:55,Beauty_Products,1,FALSE,3/22/17 16:35,3,1178726139,finalized,without people,,,1,"""without people"": 1.0",TA20170309,,,,,,,,,http://trunk.orangesafebox.com/Docs/TRU/Media/TR3/5/9/7/5/TRU1478525.jpg,,FALSE,3/10/17 22:43,3,1177862216,finalized,TRU1478525,still_life,,1,,Beauty_Products|still_life
1192050646,FALSE,finalized,3,3/28/17 19:42,Beauty_Products,0.3537,FALSE,3/22/17 16:35,3,1178726142,finalized,without people,,,1,"""without people"": 1.0",TA20170309,,,,,,,,,http://trunk.orangesafebox.com/Docs/TRU/Media/TR3/2/3/1/0/TRU1480860.jpg,,FALSE,3/10/17 23:01,3,1177862315,finalized,TRU1480860,still_life,,1,,Beauty_Products|still_life
1192050647,FALSE,finalized,3,3/28/17 19:34,Beauty_Products,0.6675,FALSE,3/22/17 16:31,3,1178726143,finalized,without people,,,1,"""without people"": 1.0",TA20170309,,,,,,,,,http://trunk.orangesafebox.com/Docs/TRU/Media/TR3/9/1/b/0/TRU1480862.jpg,,FALSE,3/10/17 22:56,3,1177862316,finalized,TRU1480862,still_life,,0.6861,,Beauty_Products|still_life
1192050649,FALSE,finalized,3,3/28/17 19:37,Beauty_Products,0.6842,FALSE,3/22/17 16:25,3,1178726146,finalized,without people,,,1,"""without people"": 1.0",TA20170309,,,,,,,,,http://trunk.orangesafebox.com/Docs/TRU/Media/TR3/3/3/c/f/TRU1481453.jpg,,FALSE,3/10/17 22:59,3,1177862346,finalized,TRU1481453,still_life,,0.7222,,Beauty_Products|still_life
1192050650,FALSE,finalized,3,3/28/17 20:05,Beauty_Products,1,FALSE,3/22/17 16:35,3,1178726147,finalized,without people,,,1,"""without people"": 1.0",TA20170309,,,,,,,,,http://trunk.orangesafebox.com/Docs/TRU/Media/TR3/d/2/4/e/TRU1481454.jpg,,FALSE,3/10/17 22:59,3,1177862347,finalized,TRU1481454,still_life,,1,,Beauty_Products|still_life
1192051080,FALSE,finalized,3,3/28/17 19:34,Beauty_Products,0.6465,FALSE,3/22/17 16:42,3,1178727144,finalized,without people,,,1,"""without people"": 1.0",TA20170309,,,,,,,,,http://trunk.orangesafebox.com/Docs/TRU/Media/TR3/6/f/b/5/TRU1991342.jpg,,FALSE,3/10/17 23:01,3,1177866958,finalized,TRU1991342,still_life,,0.3822,,Beauty_Products|still_life
1192051081,FALSE,finalized,3,3/28/17 19:48,Beauty_Products,1,FALSE,3/22/17 16:31,3,1178727145,finalized,without people,,,1,"""without people"": 1.0",TA20170309,,,,,,,,,http://trunk.orangesafebox.com/Docs/TRU/Media/TR3/5/2/0/1/TRU1991344.jpg,,FALSE,3/10/17 22:50,3,1177866959,finalized,TRU1991344,still_life,,0.675,,Beauty_Products|still_life
1192051168,FALSE,finalized,3,3/28/17 19:35,Beauty_Products,1,FALSE,3/22/17 16:35,3,1178727248,finalized,without people,,,1,"""without people"": 1.0",TA20170309,,,,,,,,,http://trunk.orangesafebox.com/Docs/TRU/Media/TR3/6/a/c/9/TRU1997016.jpg,,FALSE,3/10/17 22:56,3,1177867171,finalized,TRU1997016,still_life,,1,,Beauty_Products|still_life
1192051215,FALSE,finalized,3,3/28/17 19:37,Beauty_Products,1,FALSE,3/23/17 19:26,3,1186180506,finalized,without people,,,1,"""without people"": 1.0",TA20170309,,,,,,,,,http://trunk.orangesafebox.com/Docs/TRU/Media/TR3/4/3/b/4/TRU1413858.jpg,,FALSE,3/10/17 22:58,3,1177858691,finalized,TRU1413858,still_life,,1,,Beauty_Products|still_life
1192051249,FALSE,finalized,3,3/28/17 19:39,Beauty_Products,0.6501,FALSE,3/23/17 19:24,3,1186180561,finalized,without people,,,1,"""without people"": 1.0",TA20170309,,,,,,,,,http://trunk.orangesafebox.com/Docs/TRU/Media/TR3/c/b/2/3/TRU1416973.jpg,,FALSE,3/10/17 23:04,3,1177858766,finalized,TRU1416973,still_life,,1,,Beauty_Products|still_life
1192051330,FALSE,finalized,3,3/28/17 19:37,Beauty_Products,1,FALSE,3/23/17 19:25,3,1186180688,finalized,without people,,,1,"""without people"": 1.0",TA20170309,,,,,,,,,http://trunk.orangesafebox.com/Docs/TRU/Media/TR3/8/9/4/6/TRU1426361.jpg,,FALSE,3/10/17 23:01,3,1177859096,finalized,TRU1426361,still_life,,1,,Beauty_Products|still_life
1192051456,FALSE,finalized,3,3/28/17 19:38,Beauty_Products,0.6795,FALSE,3/23/17 19:25,3,1186180884,finalized,without people,,,1,"""without people"": 1.0",TA20170309,,,,,,,,,http://trunk.orangesafebox.com/Docs/TRU/Media/TR3/6/2/4/0/TRU1444620.jpg,,FALSE,3/10/17 22:49,3,1177859745,finalized,TRU1444620,still_life,,1,,Beauty_Products|still_life
1192051457,FALSE,finalized,3,3/28/17 19:37,Beauty_Products,0.6552,FALSE,3/23/17 19:22,3,1186180885,finalized,without people,,,1,"""without people"": 1.0",TA20170309,,,,,,,,,http://trunk.orangesafebox.com/Docs/TRU/Media/TR3/3/b/1/8/TRU1444621.jpg,,FALSE,3/10/17 22:53,3,1177859746,finalized,TRU1444621,still_life,,1,,Beauty_Products|still_life
1192051458,FALSE,finalized,3,3/28/17 19:42,Beauty_Products,1,FALSE,3/23/17 19:25,3,1186180886,finalized,without people,,,1,"""without people"": 1.0",TA20170309,,,,,,,,,http://trunk.orangesafebox.com/Docs/TRU/Media/TR3/c/5/0/1/TRU1444622.jpg,,FALSE,3/10/17 23:04,3,1177859747,finalized,TRU1444622,still_life,,0.6954,,Beauty_Products|still_life
1192051459,FALSE,finalized,3,3/28/17 19:37,Beauty_Products,1,FALSE,3/23/17 19:20,3,1186180887,finalized,without people,,,1,"""without people"": 1.0",TA20170309,,,,,,,,,http://trunk.orangesafebox.com/Docs/TRU/Media/TR3/c/b/f/4/TRU1444623.jpg,,FALSE,3/10/17 23:03,3,1177859748,finalized,TRU1444623,still_life,,1,,Beauty_Products|still_life
1192051460,FALSE,finalized,3,3/28/17 19:38,Beauty_Products,0.6622,FALSE,3/23/17 19:51,3,1186180888,finalized,without people,,,1,"""without people"": 1.0",TA20170309,,,,,,,,,http://trunk.orangesafebox.com/Docs/TRU/Media/TR3/a/1/b/0/TRU1444624.jpg,,FALSE,3/10/17 22:56,3,1177859749,finalized,TRU1444624,still_life,,0.662,,Beauty_Products|still_life
1192051481,FALSE,finalized,3,3/28/17 19:36,Beauty_Products,0.6667,FALSE,3/23/17 19:25,3,1186180921,finalized,without people,,,1,"""without people"": 1.0",TA20170309,,,,,,,,,http://trunk.orangesafebox.com/Docs/TRU/Media/TR3/9/1/d/f/TRU1445771.jpg,,FALSE,3/10/17 23:02,3,1177859819,finalized,TRU1445771,still_life,,1,,Beauty_Products|still_life
1192051570,FALSE,finalized,3,3/28/17 19:35,Beauty_Products,0.6667,FALSE,3/23/17 19:21,3,1186181020,finalized,without people,,,1,"""without people"": 1.0",TA20170309,,,,,,,,,http://trunk.orangesafebox.com/Docs/TRU/Media/TR3/1/3/e/6/TRU1454807.jpg,,FALSE,3/10/17 22:44,3,1177860074,finalized,TRU1454807,still_life,,1,,Beauty_Products|still_life
1192051576,FALSE,finalized,3,3/28/17 19:38,Beauty_Products,0.6818,FALSE,3/23/17 19:23,3,1186181026,finalized,without people,,,1,"""without people"": 1.0",TA20170309,,,,,,,,,http://trunk.orangesafebox.com/Docs/TRU/Media/TR3/4/e/9/3/TRU1454827.jpg,,FALSE,3/10/17 22:49,3,1177860090,finalized,TRU1454827,still_life,,0.3333,,Beauty_Products|still_life
1192051629,FALSE,finalized,3,3/28/17 19:37,Beauty_Products,0.3428,FALSE,3/23/17 19:21,3,1186181149,finalized,without people,,,1,"""without people"": 1.0",TA20170309,,,,,,,,,http://trunk.orangesafebox.com/Docs/TRU/Media/TR3/2/9/d/e/TRU1463341.jpg,,FALSE,3/10/17 23:02,3,1177860839,finalized,TRU1463341,still_life,,0.6618,,Beauty_Products|still_life
1192051631,FALSE,finalized,3,3/28/17 19:39,Beauty_Products,0.3711,FALSE,3/23/17 19:42,3,1186181151,finalized,without people,,,1,"""without people"": 1.0",TA20170309,,,,,,,,,http://trunk.orangesafebox.com/Docs/TRU/Media/TR3/9/d/8/d/TRU1463343.jpg,,FALSE,3/10/17 22:49,3,1177860841,finalized,TRU1463343,still_life,,0.6778,,Beauty_Products|still_life
1192051646,FALSE,finalized,3,3/28/17 19:35,Beauty_Products,0.68,FALSE,3/23/17 19:27,3,1186181168,finalized,without people,,,1,"""without people"": 1.0",TA20170309,,,,,,,,,http://trunk.orangesafebox.com/Docs/TRU/Media/TR3/5/f/c/c/TRU1467185.jpg,,FALSE,3/10/17 23:02,3,1177861133,finalized,TRU1467185,still_life,,1,,Beauty_Products|still_life
1192051650,FALSE,finalized,3,3/28/17 19:38,Beauty_Products,1,FALSE,3/23/17 19:22,3,1186181178,finalized,without people,,,1,"""without people"": 1.0",TA20170309,,,,,,,,,http://trunk.orangesafebox.com/Docs/TRU/Media/TR3/c/b/2/4/TRU1467195.jpg,,FALSE,3/10/17 22:58,3,1177861143,finalized,TRU1467195,still_life,,1,,Beauty_Products|still_life
1192051652,FALSE,finalized,3,3/28/17 19:42,Beauty_Products,1,FALSE,3/23/17 19:45,3,1186181180,finalized,without people,,,1,"""without people"": 1.0",TA20170309,,,,,,,,,http://trunk.orangesafebox.com/Docs/TRU/Media/TR3/8/d/5/5/TRU1467197.jpg,,FALSE,3/10/17 22:57,3,1177861145,finalized,TRU1467197,still_life,,0.7073,,Beauty_Products|still_life
1192051665,FALSE,finalized,3,3/28/17 19:40,Beauty_Products,1,FALSE,3/23/17 19:31,3,1186181194,finalized,without people,,,1,"""without people"": 1.0",TA20170309,,,,,,,,,http://trunk.orangesafebox.com/Docs/TRU/Media/TR3/c/9/7/6/TRU1467212.jpg,,FALSE,3/10/17 22:55,3,1177861160,finalized,TRU1467212,still_life,,1,,Beauty_Products|still_life
1192051667,FALSE,finalized,3,3/28/17 19:48,Beauty_Products,0.6826,FALSE,3/23/17 19:18,3,1186181196,finalized,without people,,,1,"""without people"": 1.0",TA20170309,,,,,,,,,http://trunk.orangesafebox.com/Docs/TRU/Media/TR3/b/e/1/9/TRU1467214.jpg,,FALSE,3/10/17 22:59,3,1177861162,finalized,TRU1467214,still_life,,1,,Beauty_Products|still_life
1192051676,FALSE,finalized,3,3/28/17 19:37,Beauty_Products,1,FALSE,3/23/17 19:17,3,1186181205,finalized,without people,,,1,"""without people"": 1.0",TA20170309,,,,,,,,,http://trunk.orangesafebox.com/Docs/TRU/Media/TR3/9/a/2/2/TRU1467230.jpg,,FALSE,3/10/17 23:02,3,1177861171,finalized,TRU1467230,still_life,,0.661,,Beauty_Products|still_life
1192051723,FALSE,finalized,3,3/28/17 19:35,Beauty_Products,0.66,FALSE,3/23/17 19:49,3,1186181315,finalized,without people,,,1,"""without people"": 1.0",TA20170309,,,,,,,,,http://trunk.orangesafebox.com/Docs/TRU/Media/TR3/c/0/c/9/TRU1477642.jpg,,FALSE,3/10/17 23:02,3,1177861735,finalized,TRU1477642,still_life,,0.6712,,Beauty_Products|still_life
1192051731,FALSE,finalized,3,3/28/17 19:38,Beauty_Products,0.3517,FALSE,3/23/17 19:22,3,1186181361,finalized,without people,,,1,"""without people"": 1.0",TA20170309,,,,,,,,,http://trunk.orangesafebox.com/Docs/TRU/Media/TR3/3/e/b/8/TRU1477702.jpg,,FALSE,3/10/17 22:41,3,1177861795,finalized,TRU1477702,still_life,,0.6637,,Beauty_Products|still_life
1192051742,FALSE,finalized,3,3/28/17 19:38,Beauty_Products,0.6667,FALSE,3/23/17 19:21,3,1186181404,finalized,without people,,,1,"""without people"": 1.0",TA20170309,,,,,,,,,http://trunk.orangesafebox.com/Docs/TRU/Media/TR3/2/3/1/0/TRU1480860.jpg,,FALSE,3/10/17 23:01,3,1177862315,finalized,TRU1480860,still_life,,0.66,,Beauty_Products|still_life
1192051743,FALSE,finalized,3,3/28/17 19:32,Beauty_Products,0.3474,FALSE,3/23/17 19:26,3,1186181405,finalized,without people,,,1,"""without people"": 1.0",TA20170309,,,,,,,,,http://trunk.orangesafebox.com/Docs/TRU/Media/TR3/9/1/b/0/TRU1480862.jpg,,FALSE,3/10/17 22:56,3,1177862316,finalized,TRU1480862,still_life,,1,,Beauty_Products|still_life
1192051745,FALSE,finalized,3,3/28/17 19:35,Beauty_Products,1,FALSE,3/23/17 19:23,3,1186181408,finalized,without people,,,1,"""without people"": 1.0",TA20170309,,,,,,,,,http://trunk.orangesafebox.com/Docs/TRU/Media/TR3/3/3/c/f/TRU1481453.jpg,,FALSE,3/10/17 22:59,3,1177862346,finalized,TRU1481453,still_life,,0.6691,,Beauty_Products|still_life
1192051746,FALSE,finalized,3,3/28/17 19:37,Beauty_Products,0.6648,FALSE,3/23/17 19:24,3,1186181409,finalized,without people,,,1,"""without people"": 1.0",TA20170309,,,,,,,,,http://trunk.orangesafebox.com/Docs/TRU/Media/TR3/d/2/4/e/TRU1481454.jpg,,FALSE,3/10/17 22:59,3,1177862347,finalized,TRU1481454,still_life,,0.6548,,Beauty_Products|still_life
1192052156,FALSE,finalized,3,3/28/17 19:34,Beauty_Products,1,FALSE,3/23/17 19:25,3,1186182412,finalized,without people,,,1,"""without people"": 1.0",TA20170309,,,,,,,,,http://trunk.orangesafebox.com/Docs/TRU/Media/TR3/5/2/0/1/TRU1991344.jpg,,FALSE,3/10/17 22:50,3,1177866959,finalized,TRU1991344,still_life,,0.6835,,Beauty_Products|still_life
1192050156,FALSE,finalized,3,3/28/17 19:42,,0.6463,FALSE,3/22/17 16:30,3,1178725115,finalized,without people,,,1,"""without people"": 1.0",TA20170309,,,,,,,,,http://trunk.orangesafebox.com/Docs/TRU/Media/TR3/b/6/a/8/TRU1301241.jpg,,FALSE,3/10/17 23:00,3,1177857191,finalized,TRU1301241,still_life,,0.6334,,|still_life
1192050157,FALSE,finalized,3,3/28/17 19:36,,0.6622,FALSE,3/22/17 16:31,3,1178725116,finalized,without people,,,1,"""without people"": 1.0",TA20170309,,,,,,,,,http://trunk.orangesafebox.com/Docs/TRU/Media/TR3/b/2/d/4/TRU1301242.jpg,,FALSE,3/10/17 23:03,3,1177857192,finalized,TRU1301242,still_life,,0.6607,,|still_life
1192050168,FALSE,finalized,3,3/28/17 19:35,,0.68,FALSE,3/22/17 16:30,3,1178725138,finalized,without people,,,1,"""without people"": 1.0",TA20170309,,,,,,,,,http://trunk.orangesafebox.com/Docs/TRU/Media/TR3/2/e/9/a/TRU1398768.jpg,,FALSE,3/10/17 23:04,3,1177858118,finalized,TRU1398768,still_life,,0.6885,,|still_life
1192050182,FALSE,finalized,3,3/28/17 19:34,,0.6641,FALSE,3/22/17 16:26,3,1178725228,finalized,without people,,,1,"""without people"": 1.0",TA20170309,,,,,,,,,http://trunk.orangesafebox.com/Docs/TRU/Media/TR3/b/4/c/0/TRU1408979.jpg,,FALSE,3/10/17 23:01,3,1177858578,finalized,TRU1408979,still_life,,0.362,,|still_life
1192050183,FALSE,finalized,3,3/28/17 19:38,,0.3453,FALSE,3/22/17 16:34,3,1178725233,finalized,without people,,,1,"""without people"": 1.0",TA20170309,,,,,,,,,http://trunk.orangesafebox.com/Docs/TRU/Media/TR3/2/8/8/b/TRU1408985.jpg,,FALSE,3/10/17 22:57,3,1177858584,finalized,TRU1408985,still_life,,0.6517,,|still_life
1192050207,FALSE,finalized,3,3/28/17 19:39,,0.6598,FALSE,3/22/17 16:31,3,1178725288,finalized,without people,,,1,"""without people"": 1.0",TA20170309,,,,,,,,,http://trunk.orangesafebox.com/Docs/TRU/Media/TR3/0/d/6/7/TRU1416957.jpg,,FALSE,3/10/17 22:56,3,1177858755,finalized,TRU1416957,still_life,,1,,|still_life
1192050246,FALSE,finalized,3,3/28/17 19:35,,0.34,FALSE,3/22/17 16:30,3,1178725348,finalized,without people,,,1,"""without people"": 1.0",TA20170309,,,,,,,,,http://trunk.orangesafebox.com/Docs/TRU/Media/TR3/6/1/1/4/TRU1421524.jpg,,FALSE,3/10/17 22:50,3,1177858868,finalized,TRU1421524,still_life,,1,,|still_life
1192050268,FALSE,finalized,3,3/28/17 19:37,,0.3594,FALSE,3/22/17 16:36,3,1178725407,finalized,without people,,,1,"""without people"": 1.0",TA20170309,,,,,,,,,http://trunk.orangesafebox.com/Docs/TRU/Media/TR3/e/2/e/1/TRU1426337.jpg,,FALSE,3/10/17 23:04,3,1177859077,finalized,TRU1426337,still_life,,1,,|still_life
1192050322,FALSE,finalized,3,3/28/17 19:38,,0.672,FALSE,3/22/17 16:34,3,1178725469,finalized,without people,,,1,"""without people"": 1.0",TA20170309,,,,,,,,,http://trunk.orangesafebox.com/Docs/TRU/Media/TR3/b/e/4/3/TRU1434919.jpg,,FALSE,3/10/17 23:00,3,1177859181,finalized,TRU1434919,still_life,,0.7,,|still_life
1192050399,FALSE,finalized,3,3/28/17 19:37,,0.6667,FALSE,3/22/17 16:31,3,1178725619,finalized,without people,,,1,"""without people"": 1.0",TA20170309,,,,,,,,,http://trunk.orangesafebox.com/Docs/TRU/Media/TR3/d/8/2/9/TRU1444525.jpg,,FALSE,3/10/17 23:00,3,1177859731,finalized,TRU1444525,still_life,,0.3532,,|still_life
1192050418,FALSE,finalized,3,3/28/17 19:36,,0.6783,FALSE,3/22/17 16:30,3,1178725651,finalized,without people,,,1,"""without people"": 1.0",TA20170309,,,,,,,,,http://trunk.orangesafebox.com/Docs/TRU/Media/TR3/5/0/7/5/TRU1444680.jpg,,FALSE,3/10/17 22:55,3,1177859775,finalized,TRU1444680,still_life,,0.678,,|still_life
1192050494,FALSE,finalized,3,3/28/17 19:36,,0.6703,FALSE,3/22/17 16:34,3,1178725749,finalized,without people,,,1,"""without people"": 1.0",TA20170309,,,,,,,,,http://trunk.orangesafebox.com/Docs/TRU/Media/TR3/c/0/b/c/TRU1454432.jpg,,FALSE,3/10/17 22:44,3,1177859989,finalized,TRU1454432,still_life,,1,,|still_life
1192050528,FALSE,finalized,3,3/28/17 19:36,,0.6667,FALSE,3/22/17 16:32,3,1178725844,finalized,without people,,,1,"""without people"": 1.0",TA20170309,,,,,,,,,http://trunk.orangesafebox.com/Docs/TRU/Media/TR3/2/5/c/4/TRU1458037.jpg,,FALSE,3/10/17 22:59,3,1177860441,finalized,TRU1458037,still_life,,1,,|still_life
1192050534,FALSE,finalized,3,3/28/17 19:34,,0.6512,FALSE,3/22/17 16:34,3,1178725856,finalized,without people,,,1,"""without people"": 1.0",TA20170309,,,,,,,,,http://trunk.orangesafebox.com/Docs/TRU/Media/TR3/5/7/0/6/TRU1458050.jpg,,FALSE,3/10/17 22:44,3,1177860453,finalized,TRU1458050,still_life,,0.6863,,|still_life
1192050541,FALSE,finalized,3,3/28/17 19:40,,0.6613,FALSE,3/22/17 16:23,3,1178725870,finalized,without people,,,1,"""without people"": 1.0",TA20170309,,,,,,,,,http://trunk.orangesafebox.com/Docs/TRU/Media/TR3/1/6/0/5/TRU1458922.jpg,,FALSE,3/10/17 22:59,3,1177860487,finalized,TRU1458922,still_life,,1,,|still_life
1192050608,FALSE,finalized,3,3/28/17 19:38,,1,FALSE,3/22/17 16:26,3,1178725992,finalized,without people,,,1,"""without people"": 1.0",TA20170309,,,,,,,,,http://trunk.orangesafebox.com/Docs/TRU/Media/TR3/c/4/7/6/TRU1477528.jpg,,FALSE,3/10/17 23:02,3,1177861622,finalized,TRU1477528,still_life,,0.6667,,|still_life
1192050611,FALSE,finalized,3,3/28/17 19:36,,0.6622,FALSE,3/22/17 16:34,3,1178725997,finalized,without people,,,1,"""without people"": 1.0",TA20170309,,,,,,,,,http://trunk.orangesafebox.com/Docs/TRU/Media/TR3/e/9/6/1/TRU1477540.jpg,,FALSE,3/10/17 22:48,3,1177861634,finalized,TRU1477540,still_life,,1,,|still_life
1192050615,FALSE,finalized,3,3/28/17 19:37,,0.6731,FALSE,3/22/17 16:54,3,1178726016,finalized,without people,,,1,"""without people"": 1.0",TA20170309,,,,,,,,,http://trunk.orangesafebox.com/Docs/TRU/Media/TR3/f/4/d/f/TRU1477572.jpg,,FALSE,3/10/17 22:49,3,1177861666,finalized,TRU1477572,still_life,,0.6531,,|still_life
1192050616,FALSE,finalized,3,3/28/17 19:34,,0.3479,FALSE,3/22/17 16:30,3,1178726017,finalized,without people,,,1,"""without people"": 1.0",TA20170309,,,,,,,,,http://trunk.orangesafebox.com/Docs/TRU/Media/TR3/b/9/a/a/TRU1477573.jpg,,FALSE,3/10/17 22:49,3,1177861667,finalized,TRU1477573,still_life,,0.3333,,|still_life
1192050635,FALSE,finalized,3,3/28/17 19:44,,0.6522,FALSE,3/22/17 16:30,3,1178726102,finalized,without people,,,1,"""without people"": 1.0",TA20170309,,,,,,,,,http://trunk.orangesafebox.com/Docs/TRU/Media/TR3/6/9/6/3/TRU1477705.jpg,,FALSE,3/10/17 22:54,3,1177861798,finalized,TRU1477705,still_life,,0.7133,,|still_life
1192050645,FALSE,finalized,3,3/28/17 19:35,,0.6676,FALSE,3/22/17 16:38,3,1178726141,finalized,without people,,,0.6667,"""without people"": 0.667""people"": 0.333",TA20170309,,,,0,,,,,http://trunk.orangesafebox.com/Docs/TRU/Media/TR3/b/9/3/f/TRU1480012.jpg,,FALSE,3/10/17 23:03,3,1177862277,finalized,TRU1480012,still_life,,0.3503,,|still_life
1192050648,FALSE,finalized,3,3/28/17 19:33,,0.6923,FALSE,3/22/17 16:50,3,1178726144,finalized,without people,,,1,"""without people"": 1.0",TA20170309,,,,,,,,,http://trunk.orangesafebox.com/Docs/TRU/Media/TR3/6/9/0/4/TRU1480865.jpg,,FALSE,3/10/17 22:55,3,1177862317,finalized,TRU1480865,still_life,,0.3438,,|still_life
1192050682,FALSE,finalized,3,3/28/17 19:34,,0.3405,FALSE,3/22/17 16:31,3,1178726199,finalized,without people,,,1,"""without people"": 1.0",TA20170309,,,,,,,,,http://trunk.orangesafebox.com/Docs/TRU/Media/TR3/0/1/b/f/TRU1490208.jpg,,FALSE,3/10/17 22:57,3,1177862711,finalized,TRU1490208,still_life,,1,,|still_life
1192050860,FALSE,finalized,3,3/28/17 19:34,,0.6675,FALSE,3/22/17 16:25,3,1178726511,finalized,without people,,,1,"""without people"": 1.0",TA20170309,,,,,,,,,http://trunk.orangesafebox.com/Docs/TRU/Media/TR3/a/2/f/1/TRU1497083.jpg,,FALSE,3/10/17 23:02,3,1177863792,finalized,TRU1497083,still_life,,1,,|still_life
1192050869,FALSE,finalized,3,3/28/17 19:33,,0.6723,FALSE,3/22/17 17:07,3,1178726531,finalized,without people,,,1,"""without people"": 1.0",TA20170309,,,,,,,,,http://trunk.orangesafebox.com/Docs/TRU/Media/TR3/3/2/2/1/TRU1497561.jpg,,FALSE,3/10/17 22:55,3,1177863946,finalized,TRU1497561,still_life,,1,,|still_life
1192050870,FALSE,finalized,3,3/28/17 19:35,,0.6676,FALSE,3/22/17 16:39,3,1178726532,finalized,without people,,,1,"""without people"": 1.0",TA20170309,,,,,,,,,http://trunk.orangesafebox.com/Docs/TRU/Media/TR3/e/e/9/d/TRU1497587.jpg,,FALSE,3/10/17 22:58,3,1177863963,finalized,TRU1497587,still_life,,0.6667,,|still_life
1192050931,FALSE,finalized,3,3/28/17 19:37,,0.6897,FALSE,3/22/17 16:35,3,1178726675,finalized,without people,,,1,"""without people"": 1.0",TA20170309,,,,,,,,,http://trunk.orangesafebox.com/Docs/TRU/Media/TR3/0/0/1/c/TRU1983223.jpg,,FALSE,3/10/17 23:01,3,1177865019,finalized,TRU1983223,still_life,,0.355,,|still_life
1192050967,FALSE,finalized,3,3/28/17 19:36,,0.65,FALSE,3/22/17 18:10,3,1178726921,finalized,without people,,,1,"""without people"": 1.0",TA20170309,,,,,,,,,http://trunk.orangesafebox.com/Docs/TRU/Media/TR3/5/5/0/4/TRU1985475.jpg,,FALSE,3/10/17 23:03,3,1177865954,finalized,TRU1985475,still_life,,1,,|still_life
1192051036,FALSE,finalized,3,3/28/17 19:38,,0.672,FALSE,3/22/17 16:36,3,1178727025,finalized,without people,,,1,"""without people"": 1.0",TA20170309,,,,,,,,,http://trunk.orangesafebox.com/Docs/TRU/Media/TR3/7/2/a/5/TRU1986608.jpg,,FALSE,3/10/17 22:51,3,1177866278,finalized,TRU1986608,still_life,,0.6984,,|still_life
1192051037,FALSE,finalized,3,3/28/17 19:37,,0.7035,FALSE,3/22/17 16:35,3,1178727027,finalized,without people,,,1,"""without people"": 1.0",TA20170309,,,,,,,,,http://trunk.orangesafebox.com/Docs/TRU/Media/TR3/8/0/5/1/TRU1986612.jpg,,FALSE,3/10/17 22:53,3,1177866280,finalized,TRU1986612,still_life,,0.6786,,|still_life
1192051045,FALSE,finalized,3,3/28/17 19:35,,0.3363,FALSE,3/22/17 16:30,3,1178727036,finalized,without people,,,1,"""without people"": 1.0",TA20170309,,,,,,,,,http://trunk.orangesafebox.com/Docs/TRU/Media/TR3/a/6/0/6/TRU1986631.jpg,,FALSE,3/10/17 22:49,3,1177866290,finalized,TRU1986631,still_life,,0.6667,,|still_life
1192051065,FALSE,finalized,3,3/28/17 19:38,,0.6622,FALSE,3/22/17 16:36,3,1178727095,finalized,without people,,,1,"""without people"": 1.0",TA20170309,,,,,,,,,http://trunk.orangesafebox.com/Docs/TRU/Media/TR3/4/5/3/4/TRU1988656.jpg,,FALSE,3/10/17 22:45,3,1177866452,finalized,TRU1988656,still_life,,1,,|still_life
1192051076,FALSE,finalized,3,3/28/17 19:32,,0.6712,FALSE,3/22/17 16:33,3,1178727130,finalized,without people,,,1,"""without people"": 1.0",TA20170309,,,,,,,,,http://trunk.orangesafebox.com/Docs/TRU/Media/TR3/6/0/e/0/TRU1989417.jpg,,FALSE,3/10/17 23:01,3,1177866605,finalized,TRU1989417,still_life,,1,,|still_life
1192051171,FALSE,finalized,3,3/28/17 19:35,,0.6622,FALSE,3/23/17 19:21,3,1186180377,finalized,without people,,,1,"""without people"": 1.0",TA20170309,,,,,,,,,http://trunk.orangesafebox.com/Docs/TRU/Media/TR3/b/6/a/8/TRU1301241.jpg,,FALSE,3/10/17 23:00,3,1177857191,finalized,TRU1301241,still_life,,1,,|still_life
1192051196,FALSE,finalized,3,3/28/17 19:35,,1,FALSE,3/23/17 19:27,3,1186180424,finalized,without people,,,1,"""without people"": 1.0",TA20170309,,,,,,,,,http://trunk.orangesafebox.com/Docs/TRU/Media/TR3/1/a/3/b/TRU1400563.jpg,,FALSE,3/10/17 22:57,3,1177858293,finalized,TRU1400563,still_life,,1,,|still_life
1192051197,FALSE,finalized,3,3/28/17 19:32,,1,FALSE,3/23/17 19:22,3,1186180427,finalized,without people,,,1,"""without people"": 1.0",TA20170309,,,,,,,,,http://trunk.orangesafebox.com/Docs/TRU/Media/TR3/4/9/5/a/TRU1400570.jpg,,FALSE,3/10/17 22:58,3,1177858300,finalized,TRU1400570,still_life,,1,,|still_life
1192051198,FALSE,finalized,3,3/28/17 19:32,,0.6641,FALSE,3/23/17 19:25,3,1186180430,finalized,without people,,,1,"""without people"": 1.0",TA20170309,,,,,,,,,http://trunk.orangesafebox.com/Docs/TRU/Media/TR3/6/d/f/7/TRU1400575.jpg,,FALSE,3/10/17 22:48,3,1177858305,finalized,TRU1400575,still_life,,0.6614,,|still_life
1192051203,FALSE,finalized,3,3/28/17 19:33,,0.6569,FALSE,3/23/17 19:59,3,1186180456,finalized,without people,,,1,"""without people"": 1.0",TA20170309,,,,,,,,,http://trunk.orangesafebox.com/Docs/TRU/Media/TR3/b/f/c/a/TRU1408918.jpg,,FALSE,3/10/17 23:00,3,1177858517,finalized,TRU1408918,still_life,,0.6618,,|still_life
1192051208,FALSE,finalized,3,3/28/17 19:37,,1,FALSE,3/23/17 19:27,3,1186180480,finalized,without people,,,1,"""without people"": 1.0",TA20170309,,,,,,,,,http://trunk.orangesafebox.com/Docs/TRU/Media/TR3/8/7/2/1/TRU1408964.jpg,,FALSE,3/10/17 22:49,3,1177858563,finalized,TRU1408964,still_life,,0.3415,,|still_life
1192051210,FALSE,finalized,3,3/28/17 19:42,,0.6579,FALSE,3/23/17 19:22,3,1186180485,finalized,without people,,,1,"""without people"": 1.0",TA20170309,,,,,,,,,http://trunk.orangesafebox.com/Docs/TRU/Media/TR3/4/8/b/b/TRU1408974.jpg,,FALSE,3/10/17 22:51,3,1177858573,finalized,TRU1408974,still_life,,1,,|still_life
1192051219,FALSE,finalized,3,3/28/17 19:36,,0.6602,FALSE,3/23/17 19:23,3,1186180512,finalized,without people,,,1,"""without people"": 1.0",TA20170309,,,,,,,,,http://trunk.orangesafebox.com/Docs/TRU/Media/TR3/7/3/5/7/TRU1416734.jpg,,FALSE,3/10/17 22:55,3,1177858710,finalized,TRU1416734,still_life,,0.6692,,|still_life
1192051222,FALSE,finalized,3,3/28/17 19:36,,0.6667,FALSE,3/23/17 19:19,3,1186180520,finalized,without people,,,1,"""without people"": 1.0",TA20170309,,,,,,,,,http://trunk.orangesafebox.com/Docs/TRU/Media/TR3/7/3/8/d/TRU1416745.jpg,,FALSE,3/10/17 22:54,3,1177858721,finalized,TRU1416745,still_life,,0.3537,,|still_life
1192051236,FALSE,finalized,3,3/28/17 19:35,,0.6646,FALSE,3/23/17 19:18,3,1186180548,finalized,without people,,,1,"""without people"": 1.0",TA20170309,,,,,,,,,http://trunk.orangesafebox.com/Docs/TRU/Media/TR3/c/6/0/8/TRU1416955.jpg,,FALSE,3/10/17 23:03,3,1177858753,finalized,TRU1416955,still_life,,1,,|still_life
1192051399,FALSE,finalized,3,3/28/17 19:36,,0.6602,FALSE,3/23/17 19:19,3,1186180790,finalized,without people,,,1,"""without people"": 1.0",TA20170309,,,,,,,,,http://trunk.orangesafebox.com/Docs/TRU/Media/TR3/b/b/1/2/TRU1441899.jpg,,FALSE,3/10/17 22:59,3,1177859432,finalized,TRU1441899,still_life,,0.3536,,|still_life
1192051448,FALSE,finalized,3,3/28/17 19:29,,1,FALSE,3/23/17 19:26,3,1186180862,finalized,without people,,,1,"""without people"": 1.0",TA20170309,,,,,,,,,http://trunk.orangesafebox.com/Docs/TRU/Media/TR3/7/4/3/6/TRU1443908.jpg,,FALSE,3/10/17 23:03,3,1177859694,finalized,TRU1443908,still_life,,1,,|still_life
1192051474,FALSE,finalized,3,3/28/17 19:42,,0.3478,FALSE,3/23/17 19:50,3,1186180914,finalized,without people,,,1,"""without people"": 1.0",TA20170309,,,,,,,,,http://trunk.orangesafebox.com/Docs/TRU/Media/TR3/1/8/5/d/TRU1444681.jpg,,FALSE,3/10/17 22:43,3,1177859776,finalized,TRU1444681,still_life,,0.6533,,|still_life
1192051556,FALSE,finalized,3,3/28/17 19:34,,1,FALSE,3/23/17 19:48,3,1186181002,finalized,without people,,,1,"""without people"": 1.0",TA20170309,,,,,,,,,http://trunk.orangesafebox.com/Docs/TRU/Media/TR3/1/3/5/a/TRU1454064.jpg,,FALSE,3/10/17 22:56,3,1177859949,finalized,TRU1454064,still_life,,1,,|still_life
1192051557,FALSE,finalized,3,3/28/17 19:41,,1,FALSE,3/23/17 19:25,3,1186181003,finalized,without people,,,1,"""without people"": 1.0",TA20170309,,,,,,,,,http://trunk.orangesafebox.com/Docs/TRU/Media/TR3/3/2/0/2/TRU1454066.jpg,,FALSE,3/10/17 23:04,3,1177859950,finalized,TRU1454066,still_life,,0.6554,,|still_life
1192051565,FALSE,finalized,3,3/28/17 19:36,,0.6703,FALSE,3/23/17 19:21,3,1186181015,finalized,without people,,,0.6747,"""people"": 0.325""without people"": 0.675",TA20170309,,,,0,,,,,http://trunk.orangesafebox.com/Docs/TRU/Media/TR3/f/f/d/f/TRU1454449.jpg,,FALSE,3/10/17 22:54,3,1177860003,finalized,TRU1454449,still_life,,1,,|still_life
1192051591,FALSE,finalized,3,3/28/17 19:36,,0.6602,FALSE,3/23/17 19:26,3,1186181052,finalized,without people,,,1,"""without people"": 1.0",TA20170309,,,,,,,,,http://trunk.orangesafebox.com/Docs/TRU/Media/TR3/0/a/f/8/TRU1457017.jpg,,FALSE,3/10/17 22:52,3,1177860336,finalized,TRU1457017,still_life,,0.3672,,|still_life
1192051601,FALSE,finalized,3,3/28/17 19:29,,0.6657,FALSE,3/23/17 19:19,3,1186181103,finalized,without people,,,1,"""without people"": 1.0",TA20170309,,,,,,,,,http://trunk.orangesafebox.com/Docs/TRU/Media/TR3/1/5/0/0/TRU1458033.jpg,,FALSE,3/10/17 22:49,3,1177860438,finalized,TRU1458033,still_life,,0.3441,,|still_life
1192051609,FALSE,finalized,3,3/28/17 19:36,,0.6757,FALSE,3/23/17 19:18,3,1186181118,finalized,without people,,,1,"""without people"": 1.0",TA20170309,,,,,,TRUE,,1,http://trunk.orangesafebox.com/Docs/TRU/Media/TR3/5/7/0/6/TRU1458050.jpg,,FALSE,3/10/17 22:44,3,1177860453,finalized,TRU1458050,still_life,,0.6849,,|still_life
1192051611,FALSE,finalized,3,3/28/17 19:34,,0.3479,FALSE,3/23/17 19:26,3,1186181120,finalized,without people,,,1,"""without people"": 1.0",TA20170309,,,,,,,,,http://trunk.orangesafebox.com/Docs/TRU/Media/TR3/a/f/2/b/TRU1458052.jpg,,FALSE,3/10/17 22:55,3,1177860455,finalized,TRU1458052,still_life,,0.337,,|still_life
1192051630,FALSE,finalized,3,3/28/17 19:36,,0.6667,FALSE,3/23/17 19:27,3,1186181150,finalized,without people,,,1,"""without people"": 1.0",TA20170309,,,,,,,,,http://trunk.orangesafebox.com/Docs/TRU/Media/TR3/0/b/c/3/TRU1463342.jpg,,FALSE,3/10/17 23:03,3,1177860840,finalized,TRU1463342,still_life,,0.6585,,|still_life
1192051688,FALSE,finalized,3,3/28/17 19:41,,0.6923,FALSE,3/23/17 19:26,3,1186181232,finalized,without people,,,1,"""without people"": 1.0",TA20170309,,,,,,,,,http://trunk.orangesafebox.com/Docs/TRU/Media/TR3/f/c/c/8/TRU1477470.jpg,,FALSE,3/10/17 23:03,3,1177861584,finalized,TRU1477470,still_life,,1,,|still_life
1192051700,FALSE,finalized,3,3/28/17 19:31,,1,FALSE,3/23/17 19:28,3,1186181254,finalized,without people,,,1,"""without people"": 1.0",TA20170309,,,,,,,,,http://trunk.orangesafebox.com/Docs/TRU/Media/TR3/c/4/7/6/TRU1477528.jpg,,FALSE,3/10/17 23:02,3,1177861622,finalized,TRU1477528,still_life,,1,,|still_life
1192051714,FALSE,finalized,3,3/28/17 19:35,,0.6667,FALSE,3/23/17 19:26,3,1186181280,finalized,without people,,,1,"""without people"": 1.0",TA20170309,,,,,,,,,http://trunk.orangesafebox.com/Docs/TRU/Media/TR3/a/1/5/f/TRU1477574.jpg,,FALSE,3/10/17 22:50,3,1177861668,finalized,TRU1477574,still_life,,1,,|still_life
1192051720,FALSE,finalized,3,3/28/17 19:39,,0.3455,FALSE,3/23/17 19:24,3,1186181301,finalized,without people,,,1,"""without people"": 1.0",TA20170309,,,,,,,,,http://trunk.orangesafebox.com/Docs/TRU/Media/TR3/1/6/b/2/TRU1477619.jpg,,FALSE,3/10/17 23:02,3,1177861713,finalized,TRU1477619,still_life,,1,,|still_life
1192051749,FALSE,finalized,3,3/28/17 19:31,,1,FALSE,3/23/17 19:21,3,1186181437,finalized,without people,,,1,"""without people"": 1.0",TA20170309,,,,,,,,,http://trunk.orangesafebox.com/Docs/TRU/Media/TR3/d/3/8/b/TRU1487172.jpg,,FALSE,3/10/17 23:01,3,1177862497,finalized,TRU1487172,still_life,,0.3522,,|still_life
1192051750,FALSE,finalized,3,3/28/17 19:35,,1,FALSE,3/23/17 19:46,3,1186181438,finalized,without people,,,1,"""without people"": 1.0",TA20170309,,,,,,,,,http://trunk.orangesafebox.com/Docs/TRU/Media/TR3/f/a/6/7/TRU1487184.jpg,,FALSE,3/10/17 22:56,3,1177862502,finalized,TRU1487184,still_life,,0.658,,|still_life
1192051751,FALSE,finalized,3,3/28/17 19:38,,0.3462,FALSE,3/23/17 19:24,3,1186181439,finalized,without people,,,1,"""without people"": 1.0",TA20170309,,,,,,,,,http://trunk.orangesafebox.com/Docs/TRU/Media/TR3/5/2/9/b/TRU1487542.jpg,,FALSE,3/10/17 22:49,3,1177862559,finalized,TRU1487542,still_life,,0.6886,,|still_life
1192051770,FALSE,finalized,3,3/28/17 19:34,,0.3405,FALSE,3/23/17 19:25,3,1186181461,finalized,without people,,,1,"""without people"": 1.0",TA20170309,,,,,,,,,http://trunk.orangesafebox.com/Docs/TRU/Media/TR3/b/6/8/0/TRU1490209.jpg,,FALSE,3/10/17 22:53,3,1177862712,finalized,TRU1490209,still_life,,1,,|still_life
1192051875,FALSE,finalized,3,3/28/17 19:31,,1,FALSE,3/23/17 19:28,3,1186181682,finalized,without people,,,1,"""without people"": 1.0",TA20170309,,,,,,,,,http://trunk.orangesafebox.com/Docs/TRU/Media/TR3/2/3/a/1/TRU1496163.jpg,,FALSE,3/10/17 23:02,3,1177863657,finalized,TRU1496163,still_life,,0.3393,,|still_life
1192051900,FALSE,finalized,3,3/28/17 19:41,,0.6577,FALSE,3/23/17 19:22,3,1186181753,finalized,without people,,,1,"""without people"": 1.0",TA20170309,,,,,,,,,http://trunk.orangesafebox.com/Docs/TRU/Media/TR3/f/7/f/4/TRU1497039.jpg,,FALSE,3/10/17 22:58,3,1177863757,finalized,TRU1497039,still_life,,0.6966,,|still_life
1192051902,FALSE,finalized,3,3/28/17 19:37,,0.6667,FALSE,3/23/17 19:42,3,1186181757,finalized,without people,,,1,"""without people"": 1.0",TA20170309,,,,,,,,,http://trunk.orangesafebox.com/Docs/TRU/Media/TR3/9/1/9/4/TRU1497050.jpg,,FALSE,3/10/17 23:01,3,1177863765,finalized,TRU1497050,still_life,,0.6857,,|still_life
1192051958,FALSE,finalized,3,3/28/17 19:37,,0.6667,FALSE,3/23/17 19:24,3,1186181847,finalized,without people,,,1,"""without people"": 1.0",TA20170309,,,,,,,,,http://trunk.orangesafebox.com/Docs/TRU/Media/TR3/0/0/c/7/TRU1982300.jpg,,FALSE,3/10/17 22:59,3,1177864818,finalized,TRU1982300,still_life,,0.6667,,|still_life
1192051964,FALSE,finalized,3,3/28/17 19:32,,0.34,FALSE,3/23/17 19:24,3,1186181855,finalized,without people,,,1,"""without people"": 1.0",TA20170309,,,,,,,,,http://trunk.orangesafebox.com/Docs/TRU/Media/TR3/2/9/d/9/TRU1982311.jpg,,FALSE,3/10/17 23:30,3,1177864826,finalized,TRU1982311,still_life,,0.6637,,|still_life
1192051976,FALSE,finalized,3,3/28/17 19:33,,0.6577,FALSE,3/23/17 19:26,3,1186181868,finalized,without people,,,1,"""without people"": 1.0",TA20170309,,,,,,,,,http://trunk.orangesafebox.com/Docs/TRU/Media/TR3/d/1/d/c/TRU1983074.jpg,,FALSE,3/10/17 22:59,3,1177864870,finalized,TRU1983074,still_life,,1,,|still_life
1192052027,FALSE,finalized,3,3/28/17 19:35,,1,FALSE,3/23/17 19:24,3,1186182154,finalized,without people,,,1,"""without people"": 1.0",TA20170309,,,,,,,,,http://trunk.orangesafebox.com/Docs/TRU/Media/TR3/9/f/0/9/TRU1984131.jpg,,FALSE,3/10/17 22:57,3,1177865687,finalized,TRU1984131,still_life,,0.6637,,|still_life
1192052040,FALSE,finalized,3,3/28/17 19:35,,0.6667,FALSE,3/23/17 19:25,3,1186182211,finalized,without people,,,1,"""without people"": 1.0",TA20170309,,,,,,,,,http://trunk.orangesafebox.com/Docs/TRU/Media/TR3/8/4/4/1/TRU1985533.jpg,,FALSE,3/10/17 22:53,3,1177866012,finalized,TRU1985533,still_life,,0.6594,,|still_life
1192052101,FALSE,finalized,3,3/28/17 19:55,,0.6538,FALSE,3/23/17 19:17,3,1186182287,finalized,without people,,,1,"""without people"": 1.0",TA20170309,,,,,,,,,http://trunk.orangesafebox.com/Docs/TRU/Media/TR3/4/f/4/b/TRU1986603.jpg,,FALSE,3/10/17 22:57,3,1177866275,finalized,TRU1986603,still_life,,1,,|still_life
1192052108,FALSE,finalized,3,3/28/17 19:35,,0.6494,FALSE,3/23/17 19:22,3,1186182295,finalized,without people,,,1,"""without people"": 1.0",TA20170309,,,,,,,,,http://trunk.orangesafebox.com/Docs/TRU/Media/TR3/a/2/2/f/TRU1986617.jpg,,FALSE,3/10/17 22:53,3,1177866283,finalized,TRU1986617,still_life,,1,,|still_life
1192052118,FALSE,finalized,3,3/28/17 19:37,,1,FALSE,3/23/17 19:26,3,1186182308,finalized,without people,,,1,"""without people"": 1.0",TA20170309,,,,,,,,,http://trunk.orangesafebox.com/Docs/TRU/Media/TR3/4/3/5/3/TRU1986646.jpg,,FALSE,3/10/17 22:58,3,1177866297,finalized,TRU1986646,still_life,,0.6905,,|still_life
1192052142,FALSE,finalized,3,3/28/17 19:33,,1,FALSE,3/23/17 19:26,3,1186182388,finalized,without people,,,0.6571,"""without people"": 0.657""people"": 0.343",TA20170309,,,,0,,,,,http://trunk.orangesafebox.com/Docs/TRU/Media/TR3/8/d/f/7/TRU1989319.jpg,,FALSE,3/10/17 22:50,3,1177866528,finalized,TRU1989319,still_life,,1,,|still_life
1192052146,FALSE,finalized,3,3/28/17 19:38,,0.672,FALSE,3/23/17 19:23,3,1186182392,finalized,without people,,,1,"""without people"": 1.0",TA20170309,,,,,,,,,http://trunk.orangesafebox.com/Docs/TRU/Media/TR3/4/9/4/1/TRU1989382.jpg,,FALSE,3/10/17 22:59,3,1177866570,finalized,TRU1989382,still_life,,0.3486,,|still_life
1192052147,FALSE,finalized,3,3/28/17 19:37,,0.6786,FALSE,3/23/17 19:19,3,1186182393,finalized,without people,,,1,"""without people"": 1.0",TA20170309,,,,,,,,,http://trunk.orangesafebox.com/Docs/TRU/Media/TR3/b/3/5/4/TRU1989387.jpg,,FALSE,3/10/17 22:49,3,1177866575,finalized,TRU1989387,still_life,,0.6699,,|still_life
1192050158,FALSE,finalized,3,3/28/17 19:34,clothing,1,FALSE,3/22/17 16:36,3,1178725120,finalized,without people,,,1,"""without people"": 1.0",TA20170309,,,,,,,,,http://trunk.orangesafebox.com/Docs/TRU/Media/TR3/5/8/7/d/TRU1378260.jpg,,FALSE,3/10/17 22:59,3,1177857196,finalized,TRU1378260,still_life,,0.646,,clothing|still_life
1192050159,FALSE,finalized,3,3/28/17 19:33,clothing,1,FALSE,3/22/17 16:33,3,1178725123,finalized,without people,,,0.6761,"""without people"": 0.676""people"": 0.324",TA20170309,,,,0,,,,,http://trunk.orangesafebox.com/Docs/TRU/Media/TR3/c/5/f/6/TRU1378263.jpg,,FALSE,3/10/17 22:52,3,1177857199,finalized,TRU1378263,still_life,,1,,clothing|still_life
1192050165,FALSE,finalized,3,3/28/17 19:34,clothing,0.6579,FALSE,3/22/17 16:36,3,1178725134,finalized,without people,,,1,"""without people"": 1.0",TA20170309,,,,,,,,,http://trunk.orangesafebox.com/Docs/TRU/Media/TR3/e/9/f/f/TRU1398764.jpg,,FALSE,3/10/17 23:02,3,1177858114,finalized,TRU1398764,still_life,,0.67,,clothing|still_life
1192050169,FALSE,finalized,3,3/28/17 19:34,clothing,1,FALSE,3/22/17 16:32,3,1178725145,finalized,without people,,,1,"""without people"": 1.0",TA20170309,,,,,,,,,http://trunk.orangesafebox.com/Docs/TRU/Media/TR3/1/7/7/5/TRU1399711.jpg,,FALSE,3/10/17 22:53,3,1177858203,finalized,TRU1399711,still_life,,0.6906,,clothing|still_life
1192050170,FALSE,finalized,3,3/28/17 20:03,clothing,1,FALSE,3/22/17 16:32,3,1178725146,finalized,without people,,,1,"""without people"": 1.0",TA20170309,,,,,,,,,http://trunk.orangesafebox.com/Docs/TRU/Media/TR3/5/b/3/3/TRU1399712.jpg,,FALSE,3/10/17 22:56,3,1177858204,finalized,TRU1399712,still_life,,0.6538,,clothing|still_life
1192050171,FALSE,finalized,3,3/28/17 19:34,clothing,1,FALSE,3/22/17 16:32,3,1178725147,finalized,without people,,,1,"""without people"": 1.0",TA20170309,,,,,,,,,http://trunk.orangesafebox.com/Docs/TRU/Media/TR3/8/0/5/9/TRU1399713.jpg,,FALSE,3/10/17 23:04,3,1177858205,finalized,TRU1399713,still_life,,1,,clothing|still_life
1192050172,FALSE,finalized,3,3/28/17 19:36,clothing,1,FALSE,3/22/17 16:28,3,1178725148,finalized,without people,,,1,"""without people"": 1.0",TA20170309,,,,,,,,,http://trunk.orangesafebox.com/Docs/TRU/Media/TR3/6/2/4/1/TRU1399714.jpg,,FALSE,3/10/17 22:57,3,1177858206,finalized,TRU1399714,still_life,,1,,clothing|still_life
1192050173,FALSE,finalized,3,3/28/17 19:34,clothing,1,FALSE,3/22/17 16:25,3,1178725150,finalized,without people,,,1,"""without people"": 1.0",TA20170309,,,,,,,,,http://trunk.orangesafebox.com/Docs/TRU/Media/TR3/9/8/7/7/TRU1400006.jpg,,FALSE,3/10/17 22:44,3,1177858224,finalized,TRU1400006,still_life,,0.7143,,clothing|still_life
1192050174,FALSE,finalized,3,3/28/17 19:33,clothing,0.6596,FALSE,3/22/17 16:50,3,1178725151,finalized,without people,,,1,"""without people"": 1.0",TA20170309,,,,,,,,,http://trunk.orangesafebox.com/Docs/TRU/Media/TR3/6/4/5/c/TRU1400012.jpg,,FALSE,3/10/17 22:57,3,1177858230,finalized,TRU1400012,still_life,,0.6774,,clothing|still_life
1192050178,FALSE,finalized,3,3/28/17 19:35,clothing,1,FALSE,3/22/17 16:30,3,1178725193,finalized,without people,,,1,"""without people"": 1.0",TA20170309,,,,,,,,,http://trunk.orangesafebox.com/Docs/TRU/Media/TR3/c/5/c/8/TRU1408732.jpg,,FALSE,3/10/17 22:54,3,1177858514,finalized,TRU1408732,still_life,,0.6667,,clothing|still_life
1192050185,FALSE,finalized,3,3/28/17 19:38,clothing,0.66,FALSE,3/22/17 16:27,3,1178725241,finalized,without people,,,1,"""without people"": 1.0",TA20170309,,,,,,,,,http://trunk.orangesafebox.com/Docs/TRU/Media/TR3/7/a/5/6/TRU1410149.jpg,,FALSE,3/10/17 23:03,3,1177858601,finalized,TRU1410149,still_life,,0.3593,,clothing|still_life
1192050186,FALSE,finalized,3,3/28/17 19:32,clothing,1,FALSE,3/22/17 16:31,3,1178725243,finalized,without people,,,1,"""without people"": 1.0",TA20170309,,,,,,,,,http://trunk.orangesafebox.com/Docs/TRU/Media/TR3/6/0/b/0/TRU1411023.jpg,,FALSE,3/10/17 23:05,3,1177858671,finalized,TRU1411023,still_life,,1,,clothing|still_life
1192050189,FALSE,finalized,3,3/28/17 19:36,clothing,1,FALSE,3/22/17 16:50,3,1178725248,finalized,without people,,,1,"""without people"": 1.0",TA20170309,,,,,,,,,http://trunk.orangesafebox.com/Docs/TRU/Media/TR3/f/b/4/c/TRU1413863.jpg,,FALSE,3/10/17 22:56,3,1177858696,finalized,TRU1413863,still_life,,1,,clothing|still_life
1192050190,FALSE,finalized,3,3/28/17 19:37,clothing,1,FALSE,3/22/17 16:35,3,1178725249,finalized,without people,,,1,"""without people"": 1.0",TA20170309,,,,,,,,,http://trunk.orangesafebox.com/Docs/TRU/Media/TR3/1/f/7/4/TRU1413864.jpg,,FALSE,3/10/17 23:03,3,1177858697,finalized,TRU1413864,still_life,,0.6905,,clothing|still_life
1192050234,FALSE,finalized,3,3/28/17 19:33,clothing,1,FALSE,3/22/17 16:28,3,1178725320,finalized,without people,,,1,"""without people"": 1.0",TA20170309,,,,,,,,,http://trunk.orangesafebox.com/Docs/TRU/Media/TR3/2/6/7/3/TRU1420021.jpg,,FALSE,3/10/17 23:00,3,1177858831,finalized,TRU1420021,still_life,,1,,clothing|still_life
1192050235,FALSE,finalized,3,3/28/17 19:36,clothing,0.6505,FALSE,3/22/17 16:30,3,1178725321,finalized,without people,,,1,"""without people"": 1.0",TA20170309,,,,,,,,,http://trunk.orangesafebox.com/Docs/TRU/Media/TR3/5/6/9/d/TRU1420024.jpg,,FALSE,3/10/17 22:45,3,1177858834,finalized,TRU1420024,still_life,,0.697,,clothing|still_life
1192050236,FALSE,finalized,3,3/28/17 19:32,clothing,1,FALSE,3/22/17 16:32,3,1178725322,finalized,without people,,,1,"""without people"": 1.0",TA20170309,,,,,,,,,http://trunk.orangesafebox.com/Docs/TRU/Media/TR3/6/7/b/8/TRU1420025.jpg,,FALSE,3/10/17 22:54,3,1177858835,finalized,TRU1420025,still_life,,1,,clothing|still_life
1192050237,FALSE,finalized,3,3/28/17 19:37,clothing,1,FALSE,3/22/17 16:27,3,1178725323,finalized,without people,,,1,"""without people"": 1.0",TA20170309,,,,,,,,,http://trunk.orangesafebox.com/Docs/TRU/Media/TR3/6/c/d/c/TRU1420027.jpg,,FALSE,3/10/17 23:00,3,1177858837,finalized,TRU1420027,still_life,,0.6994,,clothing|still_life
1192050238,FALSE,finalized,3,3/28/17 19:35,clothing,1,FALSE,3/22/17 16:39,3,1178725324,finalized,without people,,,1,"""without people"": 1.0",TA20170309,,,,,,,,,http://trunk.orangesafebox.com/Docs/TRU/Media/TR3/c/2/f/9/TRU1420030.jpg,,FALSE,3/10/17 22:55,3,1177858840,finalized,TRU1420030,still_life,,0.6857,,clothing|still_life
1192050239,FALSE,finalized,3,3/28/17 19:33,clothing,1,FALSE,3/22/17 16:46,3,1178725325,finalized,without people,,,1,"""without people"": 1.0",TA20170309,,,,,,,,,http://trunk.orangesafebox.com/Docs/TRU/Media/TR3/3/e/9/2/TRU1420031.jpg,,FALSE,3/10/17 23:04,3,1177858841,finalized,TRU1420031,still_life,,1,,clothing|still_life
1192050240,FALSE,finalized,3,3/28/17 19:36,clothing,0.6607,FALSE,3/22/17 16:26,3,1178725326,finalized,without people,,,1,"""without people"": 1.0",TA20170309,,,,,,,,,http://trunk.orangesafebox.com/Docs/TRU/Media/TR3/a/c/0/0/TRU1420032.jpg,,FALSE,3/10/17 22:49,3,1177858842,finalized,TRU1420032,still_life,,1,,clothing|still_life
1192050241,FALSE,finalized,3,3/28/17 19:37,clothing,1,FALSE,3/22/17 16:31,3,1178725327,finalized,without people,,,1,"""without people"": 1.0",TA20170309,,,,,,,,,http://trunk.orangesafebox.com/Docs/TRU/Media/TR3/8/b/c/0/TRU1420033.jpg,,FALSE,3/10/17 22:55,3,1177858843,finalized,TRU1420033,still_life,,1,,clothing|still_life
1192050242,FALSE,finalized,3,3/28/17 19:36,clothing,1,FALSE,3/22/17 16:56,3,1178725328,finalized,without people,,,1,"""without people"": 1.0",TA20170309,,,,,,,,,http://trunk.orangesafebox.com/Docs/TRU/Media/TR3/1/d/0/c/TRU1420034.jpg,,FALSE,3/10/17 22:43,3,1177858844,finalized,TRU1420034,still_life,,0.6663,,clothing|still_life
1192050243,FALSE,finalized,3,3/28/17 19:36,clothing,0.6599,FALSE,3/22/17 16:33,3,1178725329,finalized,without people,,,1,"""without people"": 1.0",TA20170309,,,,,,,,,http://trunk.orangesafebox.com/Docs/TRU/Media/TR3/d/0/9/d/TRU1420035.jpg,,FALSE,3/10/17 22:56,3,1177858845,finalized,TRU1420035,still_life,,1,,clothing|still_life
1192050251,FALSE,finalized,3,3/28/17 19:36,clothing,1,FALSE,3/22/17 16:31,3,1178725391,finalized,without people,,,1,"""without people"": 1.0",TA20170309,,,,,,,,,http://trunk.orangesafebox.com/Docs/TRU/Media/TR3/2/2/d/9/TRU1426314.jpg,,FALSE,3/10/17 22:52,3,1177859056,finalized,TRU1426314,still_life,,0.6861,,clothing|still_life
1192050252,FALSE,finalized,3,3/28/17 19:36,clothing,1,FALSE,3/22/17 16:32,3,1178725392,finalized,without people,,,1,"""without people"": 1.0",TA20170309,,,,,,,,,http://trunk.orangesafebox.com/Docs/TRU/Media/TR3/5/b/c/c/TRU1426315.jpg,,FALSE,3/10/17 23:01,3,1177859057,finalized,TRU1426315,still_life,,1,,clothing|still_life
1192050272,FALSE,finalized,3,3/28/17 19:38,clothing,1,FALSE,3/22/17 16:57,3,1178725412,finalized,without people,,,1,"""without people"": 1.0",TA20170309,,,,,,,,,http://trunk.orangesafebox.com/Docs/TRU/Media/TR3/d/3/7/b/TRU1426342.jpg,,FALSE,3/10/17 22:57,3,1177859082,finalized,TRU1426342,still_life,,0.6866,,clothing|still_life
1192050273,FALSE,finalized,3,3/28/17 19:36,clothing,1,FALSE,3/22/17 16:34,3,1178725413,finalized,without people,,,1,"""without people"": 1.0",TA20170309,,,,,,,,,http://trunk.orangesafebox.com/Docs/TRU/Media/TR3/7/f/1/6/TRU1426344.jpg,,FALSE,3/10/17 22:47,3,1177859083,finalized,TRU1426344,still_life,,0.6834,,clothing|still_life
1192050276,FALSE,finalized,3,3/28/17 19:32,clothing,1,FALSE,3/22/17 16:54,3,1178725416,finalized,without people,,,1,"""without people"": 1.0",TA20170309,,,,,,,,,http://trunk.orangesafebox.com/Docs/TRU/Media/TR3/2/6/5/5/TRU1426348.jpg,,FALSE,3/10/17 22:53,3,1177859086,finalized,TRU1426348,still_life,,0.6878,,clothing|still_life
1192050277,FALSE,finalized,3,3/28/17 19:37,clothing,1,FALSE,3/22/17 16:37,3,1178725417,finalized,without people,,,1,"""without people"": 1.0",TA20170309,,,,,,,,,http://trunk.orangesafebox.com/Docs/TRU/Media/TR3/b/3/0/8/TRU1426350.jpg,,FALSE,3/10/17 22:47,3,1177859087,finalized,TRU1426350,still_life,,0.6497,,clothing|still_life
1192050279,FALSE,finalized,3,3/28/17 19:33,clothing,1,FALSE,3/22/17 16:35,3,1178725419,finalized,without people,,,1,"""without people"": 1.0",TA20170309,,,,,,,,,http://trunk.orangesafebox.com/Docs/TRU/Media/TR3/f/e/b/f/TRU1426352.jpg,,FALSE,3/10/17 23:04,3,1177859089,finalized,TRU1426352,still_life,,1,,clothing|still_life
1192050283,FALSE,finalized,3,3/28/17 19:33,clothing,1,FALSE,3/22/17 16:34,3,1178725423,finalized,without people,,,1,"""without people"": 1.0",TA20170309,,,,,,,,,http://trunk.orangesafebox.com/Docs/TRU/Media/TR3/5/4/3/5/TRU1426358.jpg,,FALSE,3/10/17 23:04,3,1177859093,finalized,TRU1426358,still_life,,1,,clothing|still_life
1192050285,FALSE,finalized,3,3/28/17 19:35,clothing,1,FALSE,3/22/17 16:33,3,1178725425,finalized,without people,,,1,"""without people"": 1.0",TA20170309,,,,,,,,,http://trunk.orangesafebox.com/Docs/TRU/Media/TR3/2/6/4/e/TRU1426360.jpg,,FALSE,3/10/17 22:46,3,1177859095,finalized,TRU1426360,still_life,,1,,clothing|still_life
1192050287,FALSE,finalized,3,3/28/17 19:35,clothing,1,FALSE,3/22/17 16:30,3,1178725427,finalized,without people,,,1,"""without people"": 1.0",TA20170309,,,,,,,,,http://trunk.orangesafebox.com/Docs/TRU/Media/TR3/6/f/4/b/TRU1426362.jpg,,FALSE,3/10/17 23:01,3,1177859097,finalized,TRU1426362,still_life,,0.6885,,clothing|still_life
1192050288,FALSE,finalized,3,3/28/17 19:38,clothing,0.6483,FALSE,3/22/17 16:30,3,1178725428,finalized,without people,,,1,"""without people"": 1.0",TA20170309,,,,,,,,,http://trunk.orangesafebox.com/Docs/TRU/Media/TR3/e/9/b/8/TRU1426363.jpg,,FALSE,3/10/17 23:03,3,1177859098,finalized,TRU1426363,still_life,,0.6918,,clothing|still_life
1192050289,FALSE,finalized,3,3/28/17 19:29,clothing,1,FALSE,3/22/17 16:27,3,1178725429,finalized,without people,,,1,"""without people"": 1.0",TA20170309,,,,,,,,,http://trunk.orangesafebox.com/Docs/TRU/Media/TR3/2/3/a/a/TRU1426364.jpg,,FALSE,3/10/17 22:58,3,1177859099,finalized,TRU1426364,still_life,,0.6756,,clothing|still_life
1192050302,FALSE,finalized,3,3/28/17 19:36,clothing,0.6591,FALSE,3/22/17 16:34,3,1178725443,finalized,without people,,,1,"""without people"": 1.0",TA20170309,,,,,,,,,http://trunk.orangesafebox.com/Docs/TRU/Media/TR3/a/7/f/9/TRU1426380.jpg,,FALSE,3/10/17 23:04,3,1177859113,finalized,TRU1426380,still_life,,0.62,,clothing|still_life
1192050318,FALSE,finalized,3,3/28/17 19:35,clothing,1,FALSE,3/22/17 16:38,3,1178725465,finalized,without people,,,1,"""without people"": 1.0",TA20170309,,,,,,,,,http://trunk.orangesafebox.com/Docs/TRU/Media/TR3/4/e/c/9/TRU1434892.jpg,,FALSE,3/10/17 22:51,3,1177859176,finalized,TRU1434892,still_life,,0.6667,,clothing|still_life
1192050319,FALSE,finalized,3,3/28/17 20:02,clothing,1,FALSE,3/22/17 16:49,3,1178725466,finalized,without people,,,1,"""without people"": 1.0",TA20170309,,,,,,,,,http://trunk.orangesafebox.com/Docs/TRU/Media/TR3/c/1/6/1/TRU1434893.jpg,,FALSE,3/10/17 23:00,3,1177859177,finalized,TRU1434893,still_life,,1,,clothing|still_life
1192050320,FALSE,finalized,3,3/28/17 19:37,clothing,1,FALSE,3/22/17 16:31,3,1178725467,finalized,without people,,,1,"""without people"": 1.0",TA20170309,,,,,,,,,http://trunk.orangesafebox.com/Docs/TRU/Media/TR3/a/6/2/5/TRU1434895.jpg,,FALSE,3/10/17 22:50,3,1177859179,finalized,TRU1434895,still_life,,1,,clothing|still_life
1192050321,FALSE,finalized,3,3/28/17 19:35,clothing,1,FALSE,3/22/17 16:31,3,1178725468,finalized,without people,,,1,"""without people"": 1.0",TA20170309,,,,,,,,,http://trunk.orangesafebox.com/Docs/TRU/Media/TR3/a/9/b/0/TRU1434896.jpg,,FALSE,3/10/17 23:00,3,1177859180,finalized,TRU1434896,still_life,,1,,clothing|still_life